0,,1,,5,,10,
X,Y,X,Y,X,Y,X,Y
0.5457873398623131,1.6919793632506124,0.5483552873272386,2.23766072190685,0.64022864941928,4.468952733584372,0.5406874657052126,7.042658429341912
1.0932839667469259,2.248287530809001,0.9496763956077678,2.641257234366422,1.114005385868267,4.936460177001527,0.8892739158272271,7.384358233027126
2.1695284272262616,3.315706889559338,1.6916897544658722,3.3791431053603374,1.8150951101093877,5.636750429327455,1.4219795105855124,7.928243035797454
3.6874372788136194,4.843788649541041,2.861814225364804,4.55445288768569,2.7434322365180552,6.590677199783634,2.099400518376276,8.59322886523286
6.008094268227469,7.1773988074324,4.16608058225115,5.882302101416522,3.6701690123611255,7.490065174430911,3.0705778011531564,9.582558549602648
9.08095636624863,10.239719637040789,5.9240812274093,7.633365353425896,4.886965947615078,8.716240765720539,4.2850819609626765,10.787524888255541
0.7652459901983294,1.913784373373906,7.999999999999997,9.719732684867477,6.661705827611679,10.485185824519876,6.064763835464421,12.613135034897622
1.5990343192094503,2.7563173454086987,9.78923680771638,11.527321211923814,8.828768348038581,12.673035704539204,8.746271733975405,15.245005030776488
2.916055258632355,4.064933993871766,5.026558947318467,6.716770257778809,2.0603499369368254,6.976239778092956,1,8.156852963807152
4.796064349726189,5.9665071391370335,1.3006497431921755,2.987505008028004,1.2410079997435068,7.454662455613761,0.6462674162687206,8.352388746995048
7.63315723538427,8.799225435691067,0.6966738440104414,2.379815067491859,0.7616623437085644,7.7426368268112675,0.5356352451203347,8.431909292866255
4.088588046817111,5.250064138092695,2.2210494826736045,3.913745601980383,0.5457873398623131,7.853472519167302,0.7982671602023882,8.273618151935224
3.0276409618449125,5.854498673483092,3.4691504116352943,5.175970227120329,,,1.7076461163345162,8.195590434970997
1.7981347375088406,6.559525549392785,3.8285406686038392,5.50478980785497,,,5.12182919535424,11.637069321473279
0.9189790242931591,7.07610451192228,2.6547534418987935,6.196993918634947,,,7.561832493165733,14.065272421052365
0.5356352451203347,7.280143128770376,1.7813328437875258,6.685022612964274,,,3.6188479036568726,10.143149801334129
1.3129177361335203,6.812920690579611,1.1952698319458934,7.009370433804786,,,1.129803781663651,7.633365353425896
2.2210494826736045,6.315555014845793,0.6342463092194645,7.349455151133871,,,0.6554325321302708,7.143473944844352
,,0.513478123581225,7.419427072122866,,,2.5211566799297613,9.010160148459464
